"ID","Name","Email","Phone","Title","Company","Industry","Website","City","Country","LinkedIn","Twitter","GitHub","Verified","Score","Confidence","Sources","LastUpdated"
"hunter-github.com-0","Contact Manager","contact@github.com","","CEO","github.com","","","","","","","","No","85","95.0","hunter_io","2026-03-29T08:06:02.566Z"
"hunter-github.com-1","Sales Lead","sales@github.com","","VP Sales","github.com","","","","","","","","No","85","95.0","hunter_io","2026-03-29T08:06:02.566Z"
"hunter-github.com-2","Info","info@github.com","","Support","github.com","","","","","","","","No","85","95.0","hunter_io","2026-03-29T08:06:02.566Z"
"hunter-techcrunch.com-0","Contact Manager","contact@techcrunch.com","","CEO","techcrunch.com","","","","","","","","No","85","95.0","hunter_io","2026-03-29T08:06:03.682Z"
"hunter-techcrunch.com-1","Sales Lead","sales@techcrunch.com","","VP Sales","techcrunch.com","","","","","","","","No","85","95.0","hunter_io","2026-03-29T08:06:03.682Z"
"hunter-techcrunch.com-2","Info","info@techcrunch.com","","Support","techcrunch.com","","","","","","","","No","85","95.0","hunter_io","2026-03-29T08:06:03.682Z"
"website-producthunt.com-0","Top Product CategoriesEngineering & DevelopmentLLMsProductivityMarketing & SalesDesign & CreativeSocial & CommunityFinanceAI AgentsEngineering & DevelopmentVibe Coding ToolsAI Coding AgentsAI Code EditorsLLMsAI ChatbotsAI Infrastructure ToolsPrompt Engineering ToolsProductivityAI notetakersNote and writing appsTeam collaboration softwareSearchAI Workflow AutomationMarketing & SalesLead generation softwareMarketing automation platformsDesign & CreativeVideo editingDesign resourcesGraphic design toolsAI Generative MediaSocial & CommunitySocial NetworkingProfessional networking platformsCommunity managementFinanceAccounting softwareFundraising resourcesInvestingAI AgentsAI Voice AgentsSee All Categories >>Trending categoriesTop reviewedTrending productsTop forum threadsTrending categoriesVibe Coding ToolsAI Dictation AppsAI notetakersCode Review ToolsNo-code PlatformsFigma PluginsStatic site generatorsTop reviewedLovablen8nAttioPostHogVapiGranolaRaycastSupabaseTrending productsLovableScreen Studiobolt.newWispr FlowFramerReplitVapiGranolaTop forum threadsCursor or Claude Code?POLL: Domain or product first?YC deadline in <2 weeks; Who's applying?We Got into YC, Got Kicked Out, and Fought Our Way BackHow Wispr Flow found PMF through pivotBest Vibe Coding tool so far?Landing page roast - 48 hours onlyFix your tagline with the PH CEO© 2026 Product HuntNewsletterAppsAboutFAQTermsPrivacy & CookiesPrivacy ChoicesAdvertisellms.txtContact us: hello@producthunt.com","hello@producthunt.com","","","producthunt.com","","https://producthunt.com","","","","","","No","91","80.0","company_website","2026-03-29T08:06:05.066Z"
"hunter-producthunt.com-0","Contact Manager","contact@producthunt.com","","CEO","producthunt.com","","","","","","","","No","85","95.0","hunter_io","2026-03-29T08:06:05.067Z"
"hunter-producthunt.com-1","Sales Lead","sales@producthunt.com","","VP Sales","producthunt.com","","","","","","","","No","85","95.0","hunter_io","2026-03-29T08:06:05.067Z"
"hunter-producthunt.com-2","Info","info@producthunt.com","","Support","producthunt.com","","","","","","","","No","85","95.0","hunter_io","2026-03-29T08:06:05.067Z"
"hunter-linkedin.com-0","Contact Manager","contact@linkedin.com","","CEO","linkedin.com","","","","","","","","No","85","95.0","hunter_io","2026-03-29T08:06:06.777Z"
"hunter-linkedin.com-1","Sales Lead","sales@linkedin.com","","VP Sales","linkedin.com","","","","","","","","No","85","95.0","hunter_io","2026-03-29T08:06:06.777Z"
"hunter-linkedin.com-2","Info","info@linkedin.com","","Support","linkedin.com","","","","","","","","No","85","95.0","hunter_io","2026-03-29T08:06:06.777Z"
